<?xml version="1.0" encoding="UTF-8"?>
<metadata xml:lang="es"><Esri><CreaDate>20240702</CreaDate><CreaTime>04595200</CreaTime><ArcGISFormat>1.0</ArcGISFormat><SyncOnce>TRUE</SyncOnce><DataProperties><lineage><Process ToolSource="c:\program files (x86)\arcgis\desktop10.8\ArcToolbox\Toolboxes\Data Management Tools.tbx\CalculateField" Date="20240702" Time="045952">CalculateField CuencasSTRHCT_wgs84 NOMBRE "Cuenca Bocapan" VB #</Process><Process ToolSource="c:\program files (x86)\arcgis\desktop10.8\ArcToolbox\Toolboxes\Data Management Tools.tbx\CalculateField" Date="20240702" Time="050010">CalculateField CuencasSTRHCT_wgs84 NOMBRE "Cuenca Fernandez" VB #</Process></lineage></DataProperties></Esri></metadata>
